<?xml version="1.0"?>
<doc>
    <assembly>
        <name>Database</name>
    </assembly>
    <members>
        <member name="T:Moyca.Database.DatabaseClient">
             <summary>Class <c>DatabaseClient</c>: Provides all Moycan specific DynamoDB
             databases with a common utility for queries, scan's, and getItems.</summary>
            
        </member>
        <!-- Badly formed XML comment ignored for member "M:Moyca.Database.DatabaseClient.#ctor(System.String,System.String)" -->
        <member name="M:Moyca.Database.DatabaseClient.GetItemWithString(System.String)">
            Accessor for a specific entry in the database
            @param primaryKey the key used to lookup the entry in the database
        </member>
        <member name="M:Moyca.Database.DatabaseClient.GetItemWithNumber(System.Int32)">
            Accessor for a specific entry in the database
            @param primaryKey the key used to lookup the entry in the database
        </member>
        <member name="M:Moyca.Database.DatabaseClient.GetEntriesBySecondaryIndex(System.String,System.String,System.String)">
            Returns a list of the entries that match the specified Global Secondary Index (GSI)
            @param secondaryIndexName - the name of the Global Secondary Index
            @param attributeKey the key of the column in the Database used as the GSI
            @param attributeValue the value to lookup on
        </member>
        <member name="M:Moyca.Database.DatabaseClient.GetItemsWithQueryRequest(Amazon.DynamoDBv2.Model.QueryRequest)">
            Returns a list of the entries that match the specified Global Secondary Index (GSI)
            @param secondaryIndexName - the name of the Global Secondary Index
            @param attributeKey the key of the column in the Database used as the GSI
            @param attributeValue the value to lookup on
        </member>
        <member name="M:Moyca.Database.DatabaseClient.SetItemsAttribute(Amazon.DynamoDBv2.Model.AttributeValue,System.String,Amazon.DynamoDBv2.Model.AttributeValue)">
            Edits an entry in the database
            @param primaryKey - key of entry to edit
            @param attributeKey - attribute key that will be changed or added
            @param attributeValue - the value for the specified attributeKey
        </member>
        <member name="M:Moyca.Database.DatabaseClient.SetItemsAttributeWithRequest(Amazon.DynamoDBv2.Model.UpdateItemRequest)">
            Edits an attribute of an item in the database 
            @param updateRequest - request to update DB with, generated by child class
        </member>
        <member name="M:Moyca.Database.DatabaseClient.PutAttributes(System.String,System.Collections.Generic.Dictionary{System.String,Amazon.DynamoDBv2.Model.AttributeValue})">
            Updates an entry in the database
            NOTE: This function deletes all existing attributes for the specified key and inserts the new attributes
            @param primaryKey - key of entry to edit
            @param attributes - a dictionary containing all of the attributes to set for the specified entry
        </member>
        <member name="T:Moyca.Database.DictionaryDB">
             <summary>Class <c>DictionaryDB</c>: For accessing the dictionary database
             for retrieving words and for handling any changes to the scope and sequence
             and dictionary word additions.</summary>
            
        </member>
        <member name="P:Moyca.Database.DictionaryDB.TableName">
            <summary> Required to access dictionary in dynamoDB, cannot be changed. </summary>
        </member>
        <member name="P:Moyca.Database.DictionaryDB.PrimaryPartitionKey">
            <summary> Represents collumn name in dynamoDB for accessing unique keyed words. </summary>
        </member>
        <member name="F:Moyca.Database.DictionaryDB.keyCondition">
            <summary> All global secondary indexes use this condition to access content by query. </summary>
        </member>
        <member name="P:Moyca.Database.DictionaryDB.MaxWordCount">
            <summary> For queries that produce more words than required by a session, limit to 10. </summary>
        </member>
        <member name="M:Moyca.Database.DictionaryDB.GetWordsToRead">
            <summary>If GetWordsToReadWithOrder() is not called, returns null.</summary>
            /// <returns>List of strings to either populate dictionary with
             or to populate live-session with. Will return no more than 10</returns>
        </member>
        <member name="M:Moyca.Database.DictionaryDB.GetWordsToReadWithOrder(System.Collections.Generic.Dictionary{System.String,System.String})">
            <summary>Retrieves words from dictionary based on order provided by scope-and-sequence.
            Must be awaited to ensure dynamoDB response is aquired.
            A Key Value Pair of:
            Dictionary order = {{WF, "at"}, {CVC, TRUE}};        
            This will grab all words from dictionary that are in the "at" family
            and a consonant-vowel-consonant. </summary>
            <param name="order">Key is lesson type mapped to lesson value.</param>
        </member>
        <member name="M:Moyca.Database.DictionaryDB.FilterWord(System.Collections.Generic.Dictionary{System.String,Amazon.DynamoDBv2.Model.AttributeValue},System.String@)">
            <summary>
            The global secondary index can only query one column in table. When the requirement
            for additional filtering exist, this will reduce the database item based on 
            additional filters. 
            </summary>
            <param name="item">one item with all collumn attributes retrieved from dynamoDB</param>
            <param name="word">filter produces null if this item does not meet filter requirements.</param>
            <returns></returns>
        </member>
        <member name="M:Moyca.Database.DictionaryDB.GenerateQuery(Moyca.Database.GlobalConstants.GlobalIndex,System.String,System.String)">
            <summary>
            Creates the query paylod that is sent to AWS dynamoDB. The query is based
            on a Global index which is more effient than database scan. The projected
            expression ensures only Word, VowelType, Vowel, and syllables are retrieved.
            </summary>
            <param name="gi">interface that contains the propery global index name</param>
            <param name="pKey">primary key</param>
            <param name="sKey">secondary key</param>
            <returns></returns>
        </member>
        <member name="T:Moyca.Database.GlobalConstants.MODE">
            <summary>
            Determined by scope and sequence to tell FlashCardService 
            which lesson to teach or  assess word to read.
            </summary>
        </member>
        <member name="T:Moyca.Database.GlobalConstants.STATE">
            <summary>
            Internal state machine for keeping track of which intent
            should be executed.
            </summary>
        </member>
        <member name="T:Moyca.Database.GlobalConstants.SKILL">
            <summary>
            Will determine the method to which Alexa will
            teach the lesson with. Only used in Teach mode.
            </summary>
        </member>
        <member name="T:Moyca.Database.GlobalConstants.GlobalIndex">
             <summary>Interface <i>Global Index</i>: All databases
             with a global secondary index must implement an index name,
             partition key, and sort key. These exact values can be found in
             DynamoDB.</summary>
            
        </member>
        <member name="T:Moyca.Database.GlobalConstants.Filter">
             <summary>Class <c>Filter</c>: To provide additional filters based on desired
             vowel types, vowels, and syllable counts.</summary>
            
        </member>
        <member name="T:Moyca.Database.LiveSessionDB">
            <summary>Class <c>LiveSessionDB</c>: For accessing the live-session database.
            Used primarily by FlashCardService to populate live-session with session data
            to ensure lambda function follow servless design criteria.</summary>
        </member>
        <member name="P:Moyca.Database.LiveSessionDB.AppReady">
            <summary>
            Indicates if Unity application is running, is set by Unity 
            application and known through live-session database
            </summary>
        </member>
        <member name="P:Moyca.Database.LiveSessionDB.TeachMode">
            <summary> Alexa can currently teach or assess using words to read. </summary>
        </member>
        <member name="P:Moyca.Database.LiveSessionDB.State">
            <summary> live-session state machine  </summary>
        </member>
        <member name="P:Moyca.Database.LiveSessionDB.Skill">
            <summary> The common-core skill Alexa is currently teaching to. </summary>
        </member>
        <member name="P:Moyca.Database.LiveSessionDB.CurrentSchedule">
            <summary> Four digit index value that corresponds with scope and sequence database. </summary>
        </member>
        <member name="M:Moyca.Database.LiveSessionDB.#ctor(System.String)">
            <summary>
            Initializes live session data base with uniqe userID.
            </summary>
            <param name="userId"></param>
        </member>
        <member name="M:Moyca.Database.LiveSessionDB.UpdateLiveSession">
            <summary>
            Updates live-session with current state and variables. 
            Must be awaited to ensure response from AWS dynamo.
            </summary>
        </member>
        <member name="M:Moyca.Database.LiveSessionDB.GetDataFromLiveSession">
            <summary>
            Populates object variables from live-session database. 
            Must be awaited to ensure response from AWS dynamo.
            </summary>
            <returns></returns>
        </member>
        <member name="M:Moyca.Database.LiveSessionDB.Remove(System.String)">
            <summary>
            Removes the current word from local variable, NOT FROM 
            DATABASE.
            </summary>
            <param name="currentWord">current word to remove</param>
            <returns>true if words to read list is empty, indicating 
            successful completion of session.</returns>
        </member>
        <member name="M:Moyca.Database.LiveSessionDB.GetCurrentWord">
            <summary>
            Gets current word by looking at index 0 of wordsToRead. 
            </summary>
            <returns>Current word to prompt user.</returns>
        </member>
        <member name="M:Moyca.Database.LiveSessionDB.GetWordsRemaining">
            <summary>
            Get the amount of words left to read. Used by unity to 
            populate progress bar.
            </summary>
            <returns>The string amount after converted from int.</returns>
        </member>
    </members>
</doc>
